名前,E-mail,年齢,性別,送信日時
その1,no1@gmail.com,25,男性,"2016年05月01日 22:39:57"
その2,no2@gmail.com,50,男性,"2016年05月02日 22:39:57"
その3,no3@gmail.com,34,男性,"2016年05月03日 22:39:57"
その4,no4@gmail.com,27,女性,"2016年05月04日 22:39:57"
hoge,hoge@gmail.com,23,女性,"2016年05月05日 22:39:57"
へのへのもへじ,abcd@yahoo.com,100,未入力,"2016年05月05日 22:44:43"
foobar,fooooooo@gll.com,24,男性,"2016年05月05日 22:50:49"
foobar,fooooooo@gll.com,24,男性,"2016年05月05日 22:51:20"
伊藤,ito@pot.com,34,男性,"2016年05月05日 22:54:56"
hogehogehoge,hoge@gmail.com,43,未入力,"2016年05月05日 06:02:52"
fooooo,barrrrrrr@yahoo.com,30,男性,"2016年05月05日 06:04:11"
